class,name,count,weight
0,Astrocytoma,179,0.8268156424581006
1,Glioblastoma,93,1.5913978494623655
2,Oligodendroglioma,172,0.8604651162790697
