class,name,count,weight
0,Astrocytoma,143,0.8275058275058275
1,Glioblastoma,75,1.5777777777777777
2,Oligodendroglioma,137,0.8637469586374696
