class,name,count,weight
0,Astrocytoma,144,0.8217592592592593
1,Glioblastoma,74,1.5990990990990992
2,Oligodendroglioma,137,0.8637469586374696
