class,name,count,weight
0,Astrocytoma,143,0.8275058275058275
1,Glioblastoma,74,1.5990990990990992
2,Oligodendroglioma,138,0.857487922705314
