class,name,count,weight
0,Astrocytoma,143,0.8298368298368298
1,Glioblastoma,75,1.5822222222222222
2,Oligodendroglioma,138,0.8599033816425121
