class,name,count,weight
0,bin_0,51,1.4656862745098038
1,bin_1,60,1.2458333333333333
2,bin_2,76,0.9835526315789473
3,bin_3,112,0.6674107142857143
