class,name,count,weight
0,bin_0,50,1.49
1,bin_1,60,1.2416666666666667
2,bin_2,76,0.9802631578947368
3,bin_3,112,0.6651785714285714
