class,name,count,weight
0,bin_0,63,1.4801587301587302
1,bin_1,75,1.2433333333333334
2,bin_2,95,0.9815789473684211
3,bin_3,140,0.6660714285714285
